1eab6d25-b9e4-47ee-9a2e-a10bc93e6f5a.jpg,69.21616182146298
5e59e048-7f40-4f6e-b1ec-cf055361c9b5.jpg,67.60992722250461
14a35e24-37b0-478b-bf64-ad674edc09fa.jpg,67.02054883782353
846d200c-ff21-4014-b78a-ff191d409087.jpg,66.83819385799148
8db38c7e-720c-4540-8c52-fb4ce9cfe1a3.jpg,66.33123932222489
51e098d1-c0c5-4b64-857a-20ca66e0b45d.jpg,64.9987294888532
e687ae22-615d-49ce-86ab-a56ce97ab666.jpg,64.9987294888532
7dbff040-c272-4736-9679-60bebd16de73.jpg,64.47145011901335
4017d35a-bd8c-41fd-aec4-04e1b8c83c21.jpg,62.341763255438124
86c6c69c-bb86-4aa8-971d-c4b621a12105.jpg,62.00716222572317
4ac946c4-9b40-4228-b960-dbc8e4dc7ed5.jpg,61.22733362443858
b3ec5223-87f8-4b36-8db0-2e1dd3466796.jpg,61.21106999487009
acd80d62-f772-466e-ba0f-5f5356b1c4d5.jpg,60.7847229484119
d5c1247b-24d9-46a1-8c2f-9eb2c16f0782.jpg,60.54961411346111
d4086f61-0591-44b9-ada6-e6e037708669.jpg,59.22970801820766
a3312c81-2269-408e-8340-f2c14b89e1f7.jpg,57.923944027781396
c51a8a4c-8807-4be8-8f5e-c33fbc1b4f43.jpg,57.71181454554568
87f091ff-499c-44a7-a4cd-a3b332ae0804.jpg,57.4094606918984
388ca6f3-e269-420c-b13f-da17ea4c9d23.jpg,54.40971040476623
451852cb-4cff-470b-93af-877e3eb5124b.jpg,53.286387091230516
b499fc5d-ce0d-42e9-9431-542f8876d8ac.jpg,53.16752527106973
39e2683a-4f1e-4e70-8070-6a9754d7b5a2.jpg,51.78878291971509
3b1df98a-1a46-481b-ae2d-f355922038d2.jpg,51.57593232808454
3dfe79ce-938a-40fb-b879-e09497405895.jpg,51.21915457176354
a5bd9aad-2de2-4aca-9177-6b9fdb638f73.jpg,50.89369177472735
665f5c43-4046-477e-ada3-09c92a486212.jpg,50.37134730135469
34b2a156-6595-4745-b373-cf3035006a98.jpg,49.88341542240634
0a138641-2d8f-4b0e-b5b1-e9cd8f1a77fc.jpg,48.895014811900495
091e897f-6c4c-4cd6-b60e-12708926f2c1.jpg,48.47538975910536
40db6a04-9602-44f2-b471-c4819f678abd.jpg,47.580695746827814
d93300e3-e887-4fb7-9812-74b24243fbdb.jpg,47.576471508894656
7209c98c-f6da-42a4-8b33-5ba426793077.jpg,47.56827385368741
99291af3-18d8-414a-85d9-5ccdccf7b33f.jpg,47.119921474740195
1d278f24-c275-4ba4-b3c6-14cb7acec6f0.jpg,46.598430836694455
c183fc90-3314-44b3-bfe4-9ee729a959ee.jpg,46.2886234291285
58d5e5fc-3f18-4d1a-9cba-b979f280aed3.jpg,45.329302338783506
0937be04-0707-449c-bd23-7e57c981875a.jpg,45.169976875798355
d8570609-776f-40ba-bd1c-1a95977db407.jpg,44.76357320699441
f485bdeb-d14e-4a94-a7bc-bf5a27116f69.jpg,44.07496389906901
197b6e76-59e6-41ef-81af-c71e06e32900.jpg,43.98461411732793
6237cf06-072a-4b7d-85d3-92d0f025d790.jpg,43.541452680937375
3a9e8ead-9602-46c5-af7a-9e8ddf302d06.jpg,42.99927769920704
783878c4-0205-41e0-9e07-93d04a46c12d.jpg,42.80709995531421
6e2c806e-c0a2-4c68-9972-59e697571804.jpg,42.370624979660015
31cd3edb-de4c-4de6-bad4-626caad319d2.jpg,42.305905934017574
ad23b2a6-93e9-4807-bde7-df15f55f7cbc.jpg,42.168147912454145
dbf25c67-72af-4375-8224-a8ea4645d540.jpg,41.48636092645543
8d6fab99-54ae-4ebc-9011-7a2095dcbd1c.jpg,41.41705917835458
23e5428f-1cab-4340-86ae-e70f51f231dc.jpg,41.23816343344554
22ac64de-5a90-4e40-a5e7-a5c9343ef2d1.jpg,40.91156567292706
90287c75-bf9c-41f3-b741-070f5b47a31b.jpg,40.85683451494597
d7ed17b4-367b-4dc4-a066-fbbeaefb67e5.jpg,40.83530365153703
fdc2d20b-7d94-4d49-a1dd-b49b92246351.jpg,40.29701743510836
388060e5-1cbf-4bec-aa09-e18b5822fa1d.jpg,40.128349947658954
92a3c105-370b-4c8b-a3ba-3106ed48f1e7.jpg,40.08036273014859
bb488f73-69a7-4a6d-bae7-f1242fd6dc36.jpg,40.011460204930096
131e9738-17d5-44f4-a0a8-933a1b57efc7.jpg,39.846958430593396
0af7731e-1118-4c8a-a692-c200af0028ad.jpg,38.63996134519216
281d1a30-f67a-4441-874b-c6e13fbe4dca.jpg,38.266653984895456
92ea1088-b901-4ae7-91d7-6a8d4f5397a3.jpg,38.19274236209812
38d45722-ef57-4cd5-9c35-3f1c7de6d7cd.jpg,38.18628477521317
98d5d0d9-361c-4835-90c1-901790b557ba.jpg,37.069621795261824
c378e4cf-ad15-4562-93c2-4d4078769d6a.jpg,36.792907038401836
bd1ee100-350a-4953-aadd-c31542535f8d.jpg,36.74633957033041
e4f6d7d4-8446-4508-a079-4f76dde4b17f.jpg,35.308106738988855
662d58f3-ab8d-4108-9eb4-fca1146cef6d.jpg,35.05449935788866
abd77c8e-8001-48be-83ec-c5cfe6cd4a4d.jpg,34.827526518066435
f94157eb-7228-42b2-a19d-53111f88ddaf.jpg,34.80759202364386
40266b22-09ea-4fee-a09e-3560c113974c.jpg,34.79490206592408
b10a308d-84fa-4e17-aabd-f1360a4e4aab.jpg,34.7342640814219
9de09d6e-5635-4a4f-9640-9c06740ebb51.jpg,34.726767156430924
aae1be82-1454-44bb-8ac9-811aac4dd533.jpg,34.68553014990778
14a9f6b1-96ee-4bc2-9ca5-8224f5567de3.jpg,34.68553014990778
2a68403b-7d8a-4152-873e-1cb263620caa.jpg,34.641411318520525
45f8b2ad-76ef-4620-81a6-7f1bee5d319f.jpg,34.638053979490266
2832cafb-a1e6-41df-b14a-33b0d165b20d.jpg,33.989214638503995
592ce37e-dfe4-4014-99da-92b0ec42796b.jpg,33.250566347822755
d06c2340-7867-4d8a-a9c6-4e150ed25d8e.jpg,32.777811208920255
2eaf6163-9122-45be-8ee8-6ba12261d7af.jpg,32.58808079535399
e5d48532-91a5-41cf-9feb-84cc475381b5.jpg,32.1675713384641
e7b2227b-b9b5-45e9-92c7-5851b53f41c0.jpg,32.081526005012776
8fd3986c-4514-4695-b236-a095a82c0964.jpg,31.74853898011179
a13ec300-c14f-4c53-9944-a198327bacd4.jpg,31.43888480829223
05bff65b-23c0-46f2-bcef-3d2be6f949c4.jpg,31.43555529467885
98aebd20-1504-419e-943f-d7752ee463a7.jpg,31.140651206513212
a63d4312-ef3a-4204-a064-04f62e2ab7f4.jpg,30.29620555345575
8e8cc822-7fa2-4e99-82c0-130a3e6770d0.jpg,30.227928283643223
8b76a8f1-589d-4cad-ad52-8fb1fa647802.jpg,30.101329544270982
0b1583c4-11da-4d24-9b90-11c7d6ba41c4.jpg,30.043478036857636
59ab385d-032a-4856-96f0-ce78d5755451.jpg,29.857136247034646
65554e56-9f3e-4807-be6d-6635bcf01053.jpg,29.836323246007467
23d2eb37-617b-4da0-a962-899c07449561.jpg,29.608843441459896
a93dca04-dd81-473f-aecb-2bece65a4b1f.jpg,29.175565857677384
f085d878-6733-4f4d-b815-8ee16b48c395.jpg,28.19024296035765
309ca613-a0f9-4aaa-892c-2283526d7d28.jpg,28.16679880560875
5f4bea95-f475-4cb9-8d95-9e806e2bcde4.jpg,27.865981359134025
0e8a8350-1d78-4a17-8a68-9356810ba90c.jpg,27.74385965421989
751870fb-4661-4895-a305-fee90562bce8.jpg,27.640001351087278
91b81c82-b129-4fe5-936e-6b5645652f68.jpg,27.601352238968374
e5570036-2916-4fd2-9878-81faf63f5b8d.jpg,27.45607325543415
6b344217-984e-4e07-9c36-0fe76979f868.jpg,27.45588278849617
cc648364-6a48-402b-927c-912bb723d445.jpg,27.187029169125836
858926a4-ca84-4eb4-80f9-7512bbd118b2.jpg,27.153217237925702
728d23bd-c08c-41cc-bd51-439ce7e04fc9.jpg,26.81473632614076
7e00093e-3d45-4179-ae74-5ff895096e87.jpg,26.81320161723309
81524936-cc5c-4b28-a5e4-bf8768ee9c4b.jpg,26.432977877262545
1ef8acef-823d-41c7-a4d5-32449121a983.jpg,26.31360840653865
3b92096e-6840-483a-9b89-f8906b50bdfa.jpg,26.16790877585744
cadb7e85-a5d9-466e-bf22-46e2cb95e1d9.jpg,26.135159174657062
a029a775-0f17-42bf-8f05-7f03de8f272c.jpg,25.732462687448475
26204e36-8dac-44b5-96c0-b450c79b9bfe.jpg,25.543669454823956
53da531e-8b31-4cd7-8810-ce23ac176474.jpg,25.527773956826948
23fac0d9-d165-45d8-a2c5-aa8fb02fa4bd.jpg,25.423670581008707
e024fad9-3ecc-4f2c-baba-f35f59a485b3.jpg,25.38435966812999
fdb36074-a431-47bc-b0e2-9da845907a93.jpg,24.814049924054643
f020fee7-022f-4075-a24a-92f03a84703c.jpg,24.71075831884862
fff23835-2ef0-4267-8106-12291cb26294.jpg,24.429410695398403
1a9a7075-62b0-41b1-9be9-8bcb2229cfa1.jpg,23.98852859174714
0d9199c1-7fe3-40a4-9f60-c35756e696eb.jpg,23.799478267947066
fda24223-16bb-4169-8b3b-a7d927e26b9c.jpg,23.687472735010545
0e46cdae-1745-489b-baf5-92770371fbb9.jpg,23.672529049160417
39ffaaf6-56f1-4c9b-9a1a-274595d743e6.jpg,23.562650788938612
c91a5134-88f8-4102-849a-0c438a6b1f96.jpg,23.53929416014887
eb87def2-c54a-4f66-ab24-de90b1a1cbf6.jpg,22.474581886664225
3d7be049-5e4d-40bf-ba66-ebea61ffdf06.jpg,22.39234824341618
798a5aa3-edcd-4628-9597-c4ec1390c210.jpg,22.17004850599824
b416bbc7-8f04-40da-baf9-f05f8d916132.jpg,22.144101631360556
49b820cd-7a43-413f-9a37-456ccaffe2fa.jpg,22.04967705899567
1e2ea517-ea30-43cb-8eea-3dd4e8fdce97.jpg,22.040174613818223
e9625a6c-39f5-49a7-ad23-94b57684a7cd.jpg,21.928854134806784
42a61cdf-1a8b-4e39-8a2d-87d541271113.jpg,21.833213082245408
78c1baf0-ca63-4b29-8025-561ebfd9113c.jpg,21.599751825498885
34de8018-e083-4f48-865a-44e51d3986c3.jpg,21.343152362953205
d51eb8ab-4ca8-44dc-8bbe-cb076bc35303.jpg,21.250715544311447
af85c90d-54b2-4196-a2b3-e742cf9be01d.jpg,21.003274693623084
0e705118-e900-4edc-9529-10a9c64d4357.jpg,20.479465009567036
66c21e0c-33ce-4b4f-8887-cc2bf38e03fd.jpg,20.372809794814273
66ae4fef-da3e-4135-8985-67ee6f4c6daa.jpg,20.242689262319516
7651d296-68a6-491d-9e82-6a4723ce9848.jpg,20.127877150716614
1f24af70-88d1-48c2-9f5b-de92da891230.jpg,20.073115685239216
6524a93f-4bdb-4e83-91c7-e735280b692e.jpg,20.01738124462186
df6e2d6b-ddc4-4a91-886f-f04ed7d1e095.jpg,20.0094281395572
cd401bbe-2619-4d77-8efa-6364dc483dab.jpg,19.84714090262287
681cfd99-b02b-457d-a226-80c633a69a73.jpg,19.68559985714927
698fe6ff-00f4-4e91-8b45-fbf05fd84dc1.jpg,19.629348098922577
bbad2ccf-cb50-4b11-971a-eedaf60963dd.jpg,19.257801186126713
9a6d084a-ed8a-458b-bad7-0b956685fb1c.jpg,19.240069210616596
4492d6f2-06e0-4b24-ad47-f3cfe4e21a79.jpg,19.026405542016235
9e3a68e9-4a54-4b66-a243-3655120af6aa.jpg,18.94404753352474
5b676778-5917-4cdb-b243-027d1a3593d8.jpg,18.892957455444474
c36dd3ca-8c7c-4010-a43b-7ec81b84da02.jpg,18.155807034386612
e6cf0200-188e-421c-a2b5-7b35423b972e.jpg,18.141754806962254
c5dce0ce-6fc6-4693-85bd-462fb5159632.jpg,18.0225042147799
c499ae0a-439b-43bc-8f17-a9e3917a7c7d.jpg,17.988752114757816
85804bda-7ff3-4e3f-8c62-3f3bca9423ac.jpg,17.984072219294006
6e2046cb-9cbc-4c15-818b-7236561507f6.jpg,17.79676666670359
7de95594-7aa1-406f-8030-e74875f55873.jpg,17.733889062733155
5cb8992c-b4ec-40da-b67f-5af4d5a9d0fd.jpg,17.498401906621595
09fe14fa-d821-443a-954b-71f60e70698f.jpg,17.45423552381773
a1d794c4-85cd-4180-a781-1612cd8b64e3.jpg,17.342137500763172
8411649a-7177-4653-8365-b4702eb79310.jpg,16.581046247797147
ff93fb6e-93a0-459b-abb1-336454ecfb3c.jpg,16.57267615338678
99f98594-c9f6-446f-bb98-99462d89b080.jpg,16.435361248321044
adc1c829-a390-4217-9b34-5fc144f15207.jpg,16.026051195130137
07908763-bf03-4c18-a8d5-dabfd05c13af.jpg,16.01571006837392
cbf179a5-aaec-446b-996f-8bba042f1cf2.jpg,15.960688376462741
47d79ad6-6ec4-4127-b639-c84951dfa371.jpg,15.645839473649502
ae9dd4e7-43b2-4e47-a473-3826a63bde1c.jpg,15.54831517597296
2132fd9c-c3db-492a-8ce3-1d492e3b8b89.jpg,15.09677110413908
0f593f02-5d5c-4044-95cc-23fb00f37842.jpg,15.09425662703191
a40f1487-60a6-4cca-a98a-30528134acb8.jpg,14.997402229532298
7fdfa305-3d8b-4970-af58-a630be9bf487.jpg,14.743399283351039
35fd6e8f-2f38-44a2-a727-cbd0148180ab.jpg,14.68728547648682
3dccc8c5-86d3-4954-b413-315383e27cb6.jpg,14.63632916942474
d331da77-9cd5-4644-88ed-04593e457646.jpg,14.481101488957123
4666dad0-f2b6-4870-85dc-2627fcf352d3.jpg,14.475687943065552
4ca185d5-e531-423f-a39b-bdc8091da6b1.jpg,14.285472870829935
ae66b29c-6a5b-411d-9104-5fa89db7de0c.jpg,14.19454202122867
69fd9864-b741-42eb-bde4-1e10260364eb.jpg,13.897736529577216
75359d2b-da42-4f20-9edf-cb518250eb35.jpg,13.748596475522447
dd9d4d06-ae0a-4eb3-b070-91d1de03e95c.jpg,13.713876625790775
1354689e-1181-42b2-a07e-d9a9683e97e4.jpg,13.68509077481825
b48aca17-9aa3-4ef0-bc5b-ae4f56668303.jpg,13.43367755194187
12312377-a2ef-4325-83e3-038ac64987be.jpg,12.905217234832236
fa08fefd-c7c0-4b02-843e-de750801731a.jpg,12.843401438318523
1422c76c-e727-4917-9ed1-a117f3a53a77.jpg,12.795517684330036
01e45697-46ac-4724-8051-e0e763c2b3c3.jpg,12.399085181810179
240d47a3-2f48-4f59-8489-c40e974f8867.jpg,12.15849591545873
28630c02-3696-4a75-a21c-72a7e784c3d7.jpg,12.137575382320179
259f7963-969b-45b3-b300-815f17fb3cb8.jpg,12.101492740340902
dfcb3815-1cb3-4e9a-ba73-fa18e5a8be91.jpg,11.952172931480462
ffc01f22-3f4a-455d-aac7-570b46c82c4b.jpg,11.60891022833897
5f43bd76-d765-45df-a432-100d6617445e.jpg,11.408130380926139
b7be10d8-2610-40af-9ff2-196466742b82.jpg,10.898885016473372
6b715ef6-7e2b-43c0-bdd0-8020c25b7b4c.jpg,10.764006207058856
269f63c6-16c0-4c43-b5cb-821a25ae622f.jpg,9.679547554645936
514ff6b2-332b-479f-96b5-1c340f897a4e.jpg,9.65619615128658
36d29d8f-4e0e-4f96-9be7-db0b3d799531.jpg,9.111453393059023
7c3d3a46-7493-443e-854a-69f0a42eb453.jpg,7.308464618265901
c266a32b-28c2-4e8d-bfb2-32e32e0edd6e.jpg,6.44522978715213
a30ed0c5-0618-4fef-bbef-dba7282fd497.jpg,6.093598034686366
6b28ef31-2a10-4dfe-b2eb-9317ec2bd1c9.jpg,5.446622865994314
b44437fd-eb19-4d1a-82dc-328fea8934c1.jpg,3.393340155515915
bafa23e4-2c04-45b2-9ec6-fdeae2225518.jpg,1.3758892663577171
b6e3729d-d602-491c-b01b-353aa59d52b8.jpg,0.0
